Changes made at Sat Aug  9 05:58:18 UTC 2025
Changes made at Thu Nov 20 13:38:01 UTC 2025
Changes made at Thu Nov 20 14:26:14 UTC 2025
Changes made at Thu Nov 20 16:33:23 UTC 2025
Changes made at Fri Nov 21 08:35:27 UTC 2025
Changes made at Fri Nov 21 10:27:23 UTC 2025
Changes made at Fri Nov 21 14:25:13 UTC 2025
Changes made at Fri Nov 21 16:30:51 UTC 2025
Changes made at Sat Nov 22 08:30:42 UTC 2025
Changes made at Sat Nov 22 10:24:34 UTC 2025
Changes made at Sat Nov 22 14:21:15 UTC 2025
Changes made at Sat Nov 22 16:29:10 UTC 2025
Changes made at Sun Nov 23 08:30:56 UTC 2025
Changes made at Sun Nov 23 10:24:46 UTC 2025
Changes made at Sun Nov 23 14:21:22 UTC 2025
Changes made at Sun Nov 23 16:29:14 UTC 2025
